Email Address,Your Impression 1,Your Impression 2,Your Impression 3,Your Impression 4,Your Impression 5,Your Impression 6,Your Impression 7,Your Impression 8,Your Impression 9,Your Impression 10,Your Impression 11,Your Impression 12,Your Impression 13,Your Impression 14,Your Impression 15,Your Impression 16,Your Impression 17,Your Impression 18,Your Impression 19,Your Impression 20,Your Impression 21,Your Impression 22,Your Impression 23,Your Impression 24,Your Impression 25,Your Impression 26,Your Impression 27,Your Impression 28,Your Impression 29,Your Impression 30
2023CSB1162,2023CSB1137,2023MCB1291,2023CSB1123,2023MCB1284,2023CSB1140,2023MCB1319,2023CSB1136,2023CSB1105,2023MCB1316,2023CSB1093,2023CSB1106,2023CSB1104,2023CSB1103,2023CSB1142,2023CSB1095,2023MCB1289,2023CSB1163,2023CSB1092,2023CSB1118,2023CSB1148,2023CSB1174,2023CSB1158,2023CSB1114,2023CSB1131,2023CSB1173,2022CSB1202,2023CSB1101,2023CSB1164,2023CSB1152,2023CSB1149
2023CSB1109,2023CSB1166,2023CSB1164,2023CSB1160,2023CSB1151,2023CSB1159,2023CSB1146,2023CSB1127,2023CSB1117,2023CSB1100,2023CSB1133,2023CSB1111,2023CSB1121,2023CSB1122,2023CSB1094,2023CSB1126,2023CSB1107,2023CSB1112,2023CSB1113,2023MCB1317,2023MCB1298,2023CSB1115,2023CSB1091,2023CSB1116,2023CSB1161,2023CSB1156,2022MCB1254,2023CSB1119,2023CSB1143,2023MCB1301,2023CSB1145
2023CSB1158,2023CSB1148,2023CSB1134,2023CSB1138,2023CSB1128,2023MCB1285,2023CSB1174,2023CSB1170,2023CSB1169,2023CSB1131,2023CSB1114,2023CSB1125,2023CSB1101,2023CSB1152,2023CSB1126,2023MCB1299,2023CSB1149,2023CSB1132,2023CSB1110,2023CSB1129,2023CSB1162,2023CSB1156,2023CSB1159,2023CSB1155,2023CSB1143,2023CSB1132,2023CSB1119,2023MCB1290,2023MCB1314,2023CSB1137,2021CSB1121
2023CSB1148,2023CSB1128,2023CSB1134,2023CSB1138,2023CSB1158,2023MCB1285,2023CSB1170,2023CSB1174,2023CSB1131,2023CSB1114,2023CSB1169,2023CSB1125,2023CSB1101,2023CSB1152,2023CSB1126,2023CSB1147,2023MCB1299,2023CSB1132,2023CSB1108,2023CSB1149,2023CSB1155,2023CSB1162,2023CSB1156,2023CSB1099,2023CSB1143,2023CSB1159,2023CSB1151,2023CSB1119,2023MCB1290,2023MCB1314,2023CSB1166
2023CSB1127,2023CSB1124,2023CSB1101,2023CSB1116,2023CSB1159,2023CSB1146,2023CSB1151,2023CSB1145,2023CSB1130,2023CSB1139,2023CSB1126,2023CSB1155,2023CSB1109,2023CSB1122,2023CSB1121,2023CSB1095,2023CSB1092,2023CSB1149,2023CSB1091,2023CSB1163,2023CSB1134,2023CSB1111,2023CSB1172,2023CSB1098,2023MCB1292,2023CSB1128,2023CSB1110,2023CSB1129,2023CSB1143,2023CSB1107,2023MCB1299
2023CSB1108,2023CSB1111,2023CSB1107,2023CSB1118,2023CSB1121,2023CSB1102,2023CSB1126,2022CSB1168,2023CSB1091,2023CSB1161,2023CSB1093,2023CSB1116,2023CSB1141,2023CSB1092,2023CSB1113,2023CSB1112,2023CSB1173,2023CSB1138,2023CSB1103,2023CSB1134,2023MCB1303,2023CSB1138,2023MCB1302,2023CSB1100,2023CSB1099,2023CSB1145,2023CSB1154,2020MCB1225,2023CSB1162,2023CSB1128,2023CSB1109
2022CSB1297,2022CSB1002,2022CSB1168,2022CSB1329,2022CSB1202,2022CSB1157,2022MCB1380,2022CSB1314,2022CSB1319,2022MCB1337,2022MCB1318,2023MCB1302,2022CSB1070,2023CSB1162,2022MCB1254,2022MCB1363,2023CSB1095,2023CSB1121,2023CSB1113,2023CSB1091,2023MCB1297,2023CSB1149,2023CSB1173,2020MCB1225,2023CSB1163,2022CSB1136,2020MCB1225,2023CSB1174,2023MCB1319,2023CSB1097,2023MCB1318
2023CSB1122,2023CSB1095,2023CSB1100,2023CSB1136,2023CSB1149,2023CSB1092,2023MCB1291,2023CSB1118,2023CSB1108,2023CSB1107,2023CSB1121,2023CSB1112,2023CSB1125,2023CSB1132,2023CSB1119,2022CSB1157,2023CSB1127,2023CSB1126,2023CSB1116,2023CSB1109,2023CSB1146,2021CSB1122,2023CSB1145,2023CSB1150,2023CSB1117,2023CSB1151,2023CSB1134,2023CSB1128,2023MCB1316,2023CSB1143,2023CSB1172
2023CSB1154,2023CSB1144,2022CSB1091,2023MCB1287,2023MCB1305,2023MCB1293,2023CSB1172,2023CSB1171,2023CSB1133,2023MCB1296,2023CSB1117,2023CSB1166,2023CSB1155,2023CSB1109,2023CSB1165,2022CSB1136,2023CSB1143,2023CSB1159,2023MCB1304,2023CSB1098,2023CSB1111,2023CSB1096,2023CSB1112,2023CSB1147,2023CSB1150,2023CSB1145,2023CSB1108,2022CSB1078,2023CSB1097,2023CSB1119,2023CSB1126
2023CSB1131,2023CSB1158,2023CSB1169,2023CSB1105,2023CSB1123,2023MCB1314,2023MCB1290,2023CSB1138,2023CSB1125,2023CSB1162,2023CSB1148,2023CSB1134,2023CSB1128,2023MCB1318,2023MCB1319,2023CSB1137,2023CSB1129,2023CSB1110,2023CSB1126,2022MCB1337,2023CSB1108,2023CSB1101,2023CSB1116,2023CSB1119,2023CSB1155,2023CSB1173,2021CSB1121,2023CSB1104,2023CSB1092,2023MCB1299,2023CSB1132
2023CSB1143,2023CSB1096,2023CSB1097,2023MCB1310,2023MCB1301,2023CSB1150,2023CSB1145,2023MCB1315,2023CSB1094,2023CSB1147,2023CSB1146,2023CSB1155,2023CSB1154,2023MCB1317,2023MCB1294, ,2023MCB1308,2023CSB1148, ,2023CSB1158,2022CSB1078,2022MCB1254,2023CSB1109,2023CSB1122,2023CSB1134,2023MCB1298,2023MCB1311,2023CSB1166,2022MCB1363,2023MCB1309,2023CSB1091
2023CSB1128,2023CSB1138,2023CSB1148,2023CSB1158,2023CSB1134,2023MCB1285,2023CSB1131,2023CSB1169,2023CSB1114,2023CSB1174,2023MCB1318,2023CSB1101,2023CSB1126,2023CSB1152,2023CSB1121,2023CSB1110,2023CSB1099,2023MCB1319,2023CSB1092,2023CSB1122,2023CSB1127,2023MCB1290,2023CSB1125,2023CSB1093,2023CSB1108,2023CSB1104,2023CSB1132,2023CSB1142,2023CSB1141,2023CSB1107,2023CSB1130
2022MCB1380,2022CSB1168,2022CSB1157,2022CSB1314,2022CSB1329,2022CSB1319,2022MCB1318,2022MCB1337,2022MCB1363,2023MCB1316,2022CSB1202,2023CSB1141,2023CSB1142,2023CSB1099,2023CSB1092,2023MCB1284,2023MCB1288,2023CSB1137,2023CSB1123,2023MCB1302, , , , , , , , , , , 
2023MCB1308,2023MCB1304,2023MCB1298,2023MCB1302,2022CSB1202,2023MCB1317,2023MCB1311, ,2023MCB1316,2023MCB1297,2023CSB1118,2023CSB1159,2022CSB1091,2023MCB1307,2023CSB1143,2023MCB1313,2023CSB1091,2023CSB1146,2023CSB1151,2023CSB1132,2022CSB1078,2023MCB1306,2023MCB1305,2023CSB1097,2023MCB1287,2023CSB1117,2023MCB1295,2023CSB1154,2022CSB1106,2023MCB1289,2021CSB1122
2023CSB1117,2023CSB1096,2023CSB1133,2023CSB1097,2023CSB1172,2023CSB1094,2023CSB1145,2023CSB1126,2023CSB1118,2023CSB1108,2022CSB1136,2023CSB1109,2023CSB1107,2023CSB1116,2023CSB1154,2023MCB1308,2023CSB1119,2022CSB1002,2023CSB1139,2023CSB1156,2022CSB1078,2023CSB1152,2023MCB1301,2023CSB1122,2023CSB1150,2022CSB1106,2023MCB1310,2023CSB1143,2023CSB1141,2023CSB1091,2023MCB1306
2023CSB1096,2023CSB1091,2023CSB1094,2023CSB1097,2023CSB1117,2023CSB1143,2023MCB1301,2023CSB1145,2023CSB1150,2023MCB1315,2023MCB1310,2023MCB1316,2020MCB1225,2023MCB1306,2023CSB1166,2023MCB1298,2023MCB1288,2023MCB1294,2022CSB1106,2023CSB1095,2023CSB1149,2023CSB1172,2023CSB1147,2022CSB1002,2023CSB1098,2023CSB1119,2023CSB1153,2022CSB1136,2022CSB1078,2023CSB1164,2023CSB1093
2023CSB1146,2023CSB1159,2023CSB1155,2023CSB1109,2023CSB1143,2023CSB1126,2023CSB1105,2023CSB1092,2023CSB1127,2023MCB1294,2023CSB1172,2023CSB1099,2023MCB1305,2023MCB1297,2023CSB1144,2023CSB1152,2023CSB1111,2023MCB1285,2023CSB1145,2023CSB1100,2023MCB1306,2023MCB1304,2023MCB1315,2023CSB1091,2023CSB1134,2023MCB1301,2022MCB1254,2023MCB1308,2023MCB1286,2023CSB1113,2023CSB1094
2022CSB1106,2023CSB1155,2023CSB1166,2021CSB1122,2023CSB1151,2023CSB1146,2022CSB1091,2023CSB1127,2023CSB1145,2023MCB1290,2023CSB1122,2023CSB1096,2020MCB1225,2023CSB1159,2023CSB1097,2023CSB1150,2023CSB1117,2023CSB1102,2023CSB1160,2023MCB1308,2023MCB1289,2023CSB1161,2023MCB1314, , , , , , , , 
2023CSB1140,2023CSB1121,2023CSB1102,2023CSB1162,2023CSB1123,2023CSB1137,2023MCB1316,2023CSB1141,2023CSB1142,2023CSB1173,2023CSB1105,2023CSB1106,2023CSB1169,2023CSB1104,2023CSB1118,2023CSB1092,2023CSB1126,2023MCB1284,2023CSB1163,2023CSB1132,2023CSB1117, , , , , , , , , , 
2023CSB1125,2023CSB1091,2023MCB1290,2023CSB1131,2023CSB1104,2023MCB1289,2023MCB1314,2023MCB1318,2023CSB1137,2023MCB1319,2023CSB1124,2023CSB1114,2023CSB1132,2023CSB1122,2023CSB1119,2023CSB1170,2023CSB1174,2023CSB1169,2023CSB1126,2023CSB1105,2023CSB1162,2023CSB1128,2023CSB1138,2023CSB1134,2023CSB1121,2023CSB1158,2023CSB1148,2023MCB1285,2023MCB1302,2023MCB1303,2023CSB1123
2023CSB1151,2023CSB1155,2023CSB1127,2023CSB1109,2023CSB1159,2023CSB1172,2023CSB1166,2023CSB1094,2023CSB1144,2023CSB1156,2023CSB1160,2023CSB1170,2023CSB1143,2023CSB1147,2023CSB1146,2023CSB1145,2023CSB1150,2023CSB1152,2023CSB1122,2023CSB1095,2023CSB1148,2023MCB1317,2023MCB1308,2022CSB1091,2023MCB1316,2022CSB1106,2023CSB1173,2023CSB1133,2023CSB1171,2023CSB1099,2023CSB1112
2023CSB1114,2023CSB1169,2023CSB1138,2023CSB1174,2023CSB1134,2023CSB1125,2023CSB1113,2023CSB1152,2023CSB1162,2023CSB1110,2023CSB1105,2023CSB1132,2023CSB1119,2023MCB1314,2022MCB1337,2023CSB1124,2023CSB1122,2023CSB1115,2023MCB1310,2023CSB1126,2023CSB1155,2023CSB1173,2021CSB1121,2023CSB1104,2023CSB1116,2023CSB1138,2023CSB1118,2023CSB1099, , , 
2023MCB1304,2023MCB1311,2023MCB1298,2023MCB1308,2022CSB1202,2023MCB1317,2023MCB1294,2023MCB1289,2023MCB1293,2023MCB1305,2022CSB1106,2023MCB1287,2023CSB1111,2023CSB1098,2023MCB1312,2023CSB1144,2023CSB1171,2023MCB1295,2023CSB1154,2023CSB1115,2023MCB1314,2023MCB1290,2023MCB1315,2023CSB1146,2023MCB1306,2023MCB1310,2023MCB1291,2023MCB1301,2022CSB1157,2023CSB1136,2023MCB1284
2023CSB1134,2023CSB1114,2023CSB1148,2023CSB1158,2023CSB1138,2023MCB1285,2023CSB1128,2023CSB1099,2023CSB1101,2023CSB1108,2023CSB1126,2023CSB1122,2023CSB1100,2023CSB1092,2023MCB1291,2023CSB1121,2023CSB1103,2023CSB1173,2023CSB1093,2023CSB1109,2023CSB1143,2023CSB1146,2023CSB1127,2023CSB1133,2023CSB1098,2023CSB1107,2023CSB1135,2023CSB1130,2023CSB1113,2023CSB1166,2023CSB1160
2023MCB1310,2023CSB1091,2023MCB1316,2023CSB1097,2023MCB1301,2023MCB1306,2023CSB1143,2023CSB1150,2023MCB1316,2023MCB1315,2023CSB1096,2023CSB1145,2023MCB1288,2023MCB1305,2023CSB1172,2023MCB1311,2023MCB1298,2023MCB1291,2023CSB1117,2023CSB1133,2023MCB1302,2023CSB1094,2023MCB1297,2023MCB1317,2023CSB1159,2023MCB1309,2023MCB1304,2023CSB1136,2023MCB1313,2023MCB1303,2023MCB1284
2023MCB1284,2023CSB1137,2023CSB1104,2023MCB1303,2023MCB1291,2023CSB1123,2023MCB1319,2023CSB1106,2023CSB1173,2023CSB1162,2023MCB1316,2023CSB1163,2023CSB1092,2023CSB1101,2023CSB1136,2023CSB1100,2023MCB1306,2023CSB1132,2023CSB1091,2023CSB1125,2023MCB1288,2023MCB1289,2023MCB1302,2023MCB1297,2023MCB1313,2023MCB1315,2023MCB1295,2023CSB1094,2023CSB1118,2023CSB1105,2023MCB1310
2023CSB1126,2023CSB1152,2023CSB1119,2020MCB1225,2023CSB1166,2023CSB1117,2023CSB1118,2023CSB1108,2023CSB1113,2023MCB1285,2023MCB1302,2023CSB1127,2023CSB1111,2023CSB1107,2023CSB1112,2023CSB1098,2023CSB1122,2023CSB1121,2023CSB1125,2023CSB1138,2023CSB1148,2023CSB1134,2023CSB1128,2023CSB1146,2023CSB1095,2023CSB1100,2023CSB1149,2023CSB1109,2023CSB1115,2023CSB1131,2023MCB1317
2023CSB1137,2023MCB1284,2023MCB1291,2023CSB1162,2023CSB1123,2023CSB1132,2023MCB1319,2023CSB1163,2023CSB1104,2023CSB1140,2022CSB1329,2022MCB1337,2022CSB1314,2022CSB1202,2023MCB1303,2023CSB1100,2023CSB1092,2023CSB1158,2023CSB1106,2023MCB1302,2023MCB1294,2023MCB1316,2023CSB1091,2023CSB1141,2023CSB1142,2023CSB1173,2023CSB1147,2023CSB1148,2023CSB1110,2023CSB1129,2023CSB1134
2023CSB1169,2023CSB1148,2023CSB1138,2023CSB1158,2023CSB1125,2023CSB1128,2023CSB1134,2023MCB1319,2023CSB1123,2023MCB1314,2023CSB1110,2023CSB1129,2023CSB1132,2023CSB1105,2023CSB1136,2023CSB1162,2023CSB1116,2023CSB1126,2023CSB1119,2023CSB1155,2023CSB1173,2021CSB1121,2023CSB1104,2023CSB1118,2023CSB1099,2023CSB1114,2023CSB1131, , , , 
2023CSB1095,2023CSB1122,2023CSB1136,2023CSB1149,2023CSB1092,2023MCB1291,2023CSB1118,2023CSB1100,2023MCB1303,2022CSB1157,2023CSB1132,2023MCB1302,2023CSB1127,2023CSB1091,2023CSB1109,2023CSB1126,2023CSB1162,2023CSB1145,2023CSB1097,2023CSB1096,2023CSB1150,2023CSB1094,2023MCB1288,2023MCB1294,2023CSB1093,2023MCB1317,2023CSB1164,2023CSB1173,2023CSB1121,2023CSB1102,2023CSB1103
2023MCB1316,2023CSB1150,2023CSB1091,2023MCB1315,2023CSB1097,2023MCB1285,2023CSB1132,2023MCB1319,2023CSB1145,2023MCB1310,2023CSB1136,2023MCB1291,2023MCB1284,2023CSB1173,2023MCB1303,2023CSB1092,2023CSB1162,2023MCB1288,2023MCB1317,2023MCB1289,2023CSB1104,2023CSB1122,2023MCB1302,2022MCB1380,2022CSB1157,2023MCB1294,2023CSB1137,2023CSB1096,2023MCB1313,2023CSB1163,2023CSB1106
2022MCB1318,2022MCB1318,2022CSB1202,2023CSB1099,2023CSB1118,2023CSB1094,2023CSB1152,2022CSB1150,2023MCB1302,2022CSB1157, , ,2022MCB1337, ,2022MCB1254,2022MCB1363, , , ,2022MCB1380, , , , , ,2022CSB1329, , , ,2022CSB1319, 
2023CSB1105,2023CSB1140,2023CSB1132,2023MCB1316,2023CSB1119,2023CSB1136,2023CSB1104,2023CSB1102,2023CSB1162,2023CSB1150,2023CSB1106,2023CSB1091,2023CSB1097,2023MCB1284, , , , , , , , , , , , , , , , , 
2023CSB1100,2023CSB1092,2023CSB1095,2023CSB1100,2023CSB1104,2023CSB1106,2023MCB1291,2023CSB1123,2023CSB1122,2023CSB1137,2023CSB1163,2023CSB1149,2023CSB1118,2023CSB1162,2023CSB1134,2023CSB1094,2023MCB1288,2023CSB1126,2023CSB1109,2023CSB1091,2023CSB1093,2023MCB1302,2022CSB1157,2023CSB1173,2023MCB1319,2023CSB1160,2023MCB1284,2023CSB1164,2023CSB1102,2023CSB1121,2023CSB1147
2022CSB1168,2022CSB1150,2022CSB1002,2022CSB1297,2022CSB1157,2022MCB1318,2022MCB1380,2022CSB1319,2022MCB1337,2022CSB1329,2022CSB1202,2022CSB1314,2022CSB1168,2023CSB1141,2023CSB1099,2023MCB1302,2022MCB1254,2023CSB1091, , , , , , , , , , , , , 
2022MCB1254,2022CSB1002,2022CSB1202,2022MCB1318,2022CSB1150,2023CSB1113,2023CSB1146,2022CSB1297,2023CSB1109,2022MCB1363,2023CSB1164,2023CSB1143,2022CSB1168,2023CSB1095,2023CSB1132,2022CSB1319, , , , , , , , , , , , , , , 
2023MCB1305,2023MCB1287,2023MCB1312,2023CSB1171,2023MCB1293,2023MCB1307,2023MCB1304,2023MCB1295,2023MCB1313,2023CSB1112,2023MCB1306,2023CSB1097,2023MCB1301,2023MCB1310,2023MCB1285,2023MCB1294,2022CSB1202,2023MCB1296,2023CSB1107,2023MCB1297,2023MCB1308,2023CSB1146,2023MCB1315,2022CSB1078,2023CSB1098,2022CSB1091, , , , , 
2023CSB1152,2023CSB1126,2023CSB1118,2023CSB1119,2023CSB1145,2023CSB1111,2023CSB1138,2023CSB1148,2023CSB1121,2023CSB1114,2023CSB1092,2023CSB1132,2022CSB1157,2022CSB1314,2023CSB1151,2023CSB1147,2023CSB1160,2023CSB1171,2022CSB1002,2023CSB1162,2023CSB1166,2023CSB1129,2023CSB1146,2023CSB1109,2023CSB1149,2023CSB1122,2023CSB1142,2023CSB1141,2023CSB1117,2023MCB1291,2023MCB1302
2023CSB1164,2023CSB1160,2023CSB1161,2023CSB1156,2023CSB1147,2023CSB1149,2023CSB1109,2023CSB1112,2023CSB1100,2023CSB1104,2023CSB1141,2023CSB1162,2023CSB1163,2023CSB1095,2023CSB1093,2023CSB1096,2023CSB1122,2023CSB1173,2023CSB1165,2023CSB1159,2023CSB1166,2023CSB1167,2023MCB1302,2023CSB1102,2023CSB1142,2023CSB1143,2023CSB1145,2023CSB1111,2023CSB1155,2023CSB1151,2023CSB1146
2022CSB1078,2023CSB1164,2021CSB1121,2023CSB1154,2023CSB1130,2023CSB1143,2022MCB1363,2022CSB1150,2023CSB1115,2023CSB1113,2023CSB1117,2023CSB1135,2020MCB1225,2022MCB1254,2023MCB1308,2023CSB1096,2023CSB1107,2023CSB1119,2023CSB1144,2021CSB1122,2023MCB1305,2023CSB1172,2023MCB1287, , , , , , , , 
2022CSB1314,2023CSB1099,2022MCB1380,2023CSB1162,2022MCB1337,2022MCB1318,2022CSB1319,2023MCB1308,2022CSB1157,2022CSB1314,2022CSB1168,2022CSB1202,2023CSB1137,2023CSB1123,2023CSB1152,2023CSB1166,2022CSB1091,2022CSB1297,2023MCB1316,2023CSB1091, , , , , , , , , , , 
2023CSB1132,2023CSB1123,2023CSB1136,2023CSB1114,2023CSB1125,2023CSB1100,2023CSB1137,2023CSB1123,2022CSB1157,2023CSB1140,2023CSB1121,2023CSB1141,2023CSB1142,2023CSB1128,2023CSB1092,2023CSB1104,2023MCB1302,2023CSB1162,2023CSB1138,2023CSB1161,2023CSB1156,2023CSB1160,2023MCB1284,2023MCB1291,2023CSB1106,2023MCB1288,2023MCB1306,2022CSB1329,2023MCB1303,2023CSB1108,2023CSB1102
2022CSB1202,2022MCB1318,2022CSB1002,2022CSB1297,2023CSB1099,2022CSB1314,2023CSB1123,2023CSB1132,2023CSB1100,2023CSB1137,2023CSB1173,2023CSB1162,2023MCB1284,2023CSB1104,2022CSB1091,2022MCB1380,2023MCB1316,2023CSB1091,2023MCB1299, , , , , , , , , , , , 
2023MCB1293,2023MCB1312,2023MCB1307,2023CSB1171,2023CSB1147,2023CSB1130,2023CSB1113,2023CSB1139,2023MCB1285,2023MCB1305,2023CSB1115,2023CSB1144,2023MCB1294,2023MCB1289,2023MCB1299,2023MCB1290,2023MCB1302,2023MCB1313,2023CSB1133,2023MCB1304,2023MCB1317,2023MCB1308,2023MCB1301,2023MCB1295,2023MCB1292,2023MCB1297,2023MCB1309,2023CSB1107,2023MCB1287,2023CSB1159,2023CSB1135
2023MCB1307,2023MCB1312,2023MCB1295,2023MCB1293,2023CSB1171,2023MCB1296,2023CSB1130,2023CSB1113,2023CSB1115,2023CSB1144,2023CSB1135,2023MCB1289,2023MCB1305,2023MCB1294,2023MCB1304,2023CSB1139,2023CSB1133,2023MCB1308,2023MCB1313,2023MCB1317,2023CSB1107,2023MCB1309,2023MCB1297,2023MCB1287,2023MCB1310,2023MCB1306,2023MCB1315,2023MCB1284,2021CSB1121,2023MCB1290,2023MCB1292
2023CSB1135,2023CSB1113,2023CSB1144,2023CSB1130,2023CSB1101,2023CSB1115,2023CSB1171,2023MCB1296,2023MCB1312,2023MCB1307,2023CSB1133,2023CSB1139,2022CSB1136,2022CSB1078,2023CSB1136,2023CSB1153,2023MCB1293,2023CSB1097,2023CSB1135,2023CSB1134,2023CSB1107,2023CSB1135, , , , , , , , , 
2023CSB1171,2023MCB1305,2023MCB1287,2023MCB1296,2023CSB1093,2023CSB1173,2023CSB1135,2023CSB1172,2023CSB1145,2023CSB1161,2023CSB1098,2023CSB1151,2023CSB1111,2023CSB1144,2023CSB1147, , , , , , , , , , , , , , , , 
2023CSB1149,2023CSB1096,2023CSB1100,2023CSB1122,2023CSB1092,2023CSB1136,2023MCB1291,2023CSB1118,2023CSB1103,2023CSB1145,2023CSB1127,2022CSB1157,2023CSB1164,2023MCB1302,2023CSB1091,2023CSB1109,2023CSB1147,2023CSB1126,2023CSB1150,2023CSB1146,2023CSB1148,2023CSB1158,2023CSB1094,2023CSB1142,2023CSB1093,2023CSB1121,2023CSB1102,2023CSB1160,2023CSB1162,2023CSB1173,2023CSB1116
2023CSB1172,2023CSB1143,2023CSB1145,2023CSB1117,2023CSB1133,2023CSB1154,2022CSB1091,2023CSB1171,2023CSB1159,2023CSB1151,2023CSB1155,2023CSB1144,2023CSB1168,2023CSB1170,2023CSB1174,2023CSB1122,2023MCB1310,2023CSB1096,2023CSB1127,2023CSB1111,2023MCB1301,2023MCB1315,2023CSB1097,2023CSB1168,2023CSB1118,2023CSB1173,2023MCB1287,2023CSB1109,2023CSB1113,2022CSB1078,2023CSB1162
2023MCB1315,2023MCB1316,2023CSB1097,2023CSB1150,2023CSB1091,2023MCB1306,2023MCB1310,2023MCB1301,2023CSB1094,2023CSB1145,2023CSB1096,2023MCB1317,2023CSB1143,2023MCB1288,2023MCB1294,2020MCB1225,2023MCB1285,2023CSB1136,2023CSB1172,2023MCB1313,2023MCB1291,2023MCB1298,2023MCB1304,2023MCB1311,2023CSB1146,2023MCB1307,2023MCB1305,2023MCB1297,2023MCB1284,2023MCB1309,2023MCB1308
2022CSB1091,2023CSB1154,2023CSB1144,2023MCB1305,2023CSB1113,2023CSB1172,2023MCB1287,2022CSB1106,2023CSB1093,2022MCB1254,2022MCB1363,2022CSB1297,2022CSB1002,2023CSB1159,2023MCB1308,2023CSB1146,2023CSB1109,2023MCB1306,2022CSB1136,2022CSB1078,2023CSB1116, ,2023CSB1166,2023CSB1156,2023CSB1151,2022CSB1202,2022CSB1314,2022CSB1157,2023CSB1127,2023CSB1155,2023MCB1305
2022MCB1337,2022CSB1157,2022MCB1380,2022MCB1363,2022CSB1329,2022MCB1318,2022CSB1319,2022CSB1297,2022CSB1168,2022MCB1254,2022CSB1002,2023CSB1099,2023CSB1137,2023CSB1123,2023CSB1114,2023CSB1131,2023MCB1316,2023CSB1091,2023CSB1169, , , , , , , , , , , , 
2022CSB1150,2022MCB1363,2022CSB1297,2022CSB1157,2022CSB1002,2022CSB1168,2022CSB1314,2022CSB1319,2022MCB1318,2022CSB1329,2022CSB1202,2022MCB1254,2022CSB1136,2022CSB1078,2023CSB1141,2022MCB1337,2022CSB1091,2023CSB1099,2023CSB1152,2023MCB1308,2023CSB1113,2023CSB1115,2023MCB1296,2023MCB1307, , , , , , , 
2023CSB1160,2023CSB1161,2023CSB1164,2023CSB1147,2023CSB1156,2023CSB1173,2023CSB1155, ,2023CSB1159,2023CSB1172,2023CSB1151,2023CSB1141,2023CSB1093,2023CSB1142,2023CSB1104,2023CSB1092,2023CSB1152,2023CSB1149,2023CSB1112,2023CSB1162,2023CSB1163,2022CSB1106,2023CSB1100,2023MCB1302,2023CSB1132,2023CSB1134,2023CSB1166,2023CSB1144,2023CSB1171,2023CSB1103, 
2023CSB1094,2023CSB1091,2023CSB1117,2023CSB1133,2023MCB1306,2023CSB1150,2023CSB1095,2022CSB1157,2023CSB1096,2023MCB1301,2023MCB1316,2022MCB1318,2023MCB1310,2023MCB1294,2023MCB1288,2023CSB1143,2023CSB1166,2023CSB1151,2023CSB1097,2023MCB1315,2023MCB1298,2023CSB1092,2023MCB1285,2023CSB1098,2023MCB1291,2023MCB1297,2023CSB1100,2023CSB1149,2022CSB1106,2023MCB1313, 
2023MCB1287,2023MCB1305,2023CSB1171,2023CSB1154,2023MCB1304,2023MCB1293,2023MCB1296,2023MCB1285,2023MCB1313,2023CSB1112,2020MCB1225,2023MCB1311,2023MCB1310,2023MCB1309,2023CSB1145,2023CSB1150,2023MCB1301,2023MCB1297,2023MCB1308,2023MCB1315,2023CSB1172,2023CSB1155,2022CSB1091,2023CSB1159,2023CSB1146, ,2022CSB1078, , , , 
2023CSB1133,2023CSB1117,2023CSB1172,2023MCB1295,2023CSB1102,2023MCB1312,2023MCB1296,2023CSB1146,2023CSB1109,2023CSB1154,2023CSB1144,2023CSB1135,2023MCB1307,2023CSB1115,2023CSB1166,2023CSB1107,2023CSB1108,2022CSB1078,2022CSB1136,2023MCB1310,2023CSB1096,2023MCB1287,2023CSB1171,2023CSB1098,2023CSB1134,2023CSB1164,2021CSB1122,2023CSB1097,2023MCB1301,2023CSB1130,2023CSB1104
2022CSB1319,2022CSB1329,2022CSB1314,2022MCB1318,2022CSB1157,2022MCB1337,2022CSB1168,2022CSB1297,2023CSB1137,2023CSB1099,2022CSB1002, , , , , , , , , , , , , , , , , , , , 
2023MCB1295,2023MCB1285,2023MCB1312,2023MCB1284,2023CSB1144,2023MCB1294,2023MCB1289,2023MCB1307,2023MCB1304,2023MCB1293,2023MCB1292,2023MCB1306,2023MCB1317,2023MCB1291,2023MCB1294,2023MCB1305,2023MCB1287,2023MCB1308,2023MCB1314,2023CSB1099,2023MCB1303,2023MCB1297,2023MCB1299,2023CSB1150,2023MCB1310,2023MCB1302, , , , , 
2023CSB1150,2023CSB1143,2023MCB1301,2023CSB1094,2023CSB1097,2023MCB1288,2023MCB1316,2023CSB1145,2023MCB1315,2023CSB1149,2023CSB1095,2023CSB1122,2023CSB1151,2022CSB1106,2023CSB1117,2023MCB1310,2023MCB1287,2023CSB1154,2023CSB1092,2023CSB1163,2023CSB1091,2023CSB1136,2023MCB1306,2023CSB1147,2023CSB1162,2023MCB1297,2023MCB1295,2023CSB1106,2023CSB1146,2023CSB1155, 
2023CSB1139,2023CSB1135,2022CSB1136,2022CSB1078,2023CSB1130,2023CSB1127,2023MCB1298,2023CSB1171,2023CSB1115,2023CSB1116,2023MCB1312,2023MCB1307,2023CSB1117,2023CSB1133,2023CSB1112,2023MCB1293,2023CSB1107,2023MCB1313,2023CSB1163,2023CSB1147,2023CSB1098,2023CSB1111,2020MCB1225,2023MCB1296,2023CSB1138,2023CSB1134,2023CSB1128,2021CSB1121,2023CSB1145,2023CSB1143,2023MCB1292
2020MCB1225,2023CSB1119, ,2023CSB1126,2023CSB1152,2023CSB1152,2023CSB1113,2023CSB1120,2023CSB1096,2022CSB1136,2022CSB1078,2023CSB1095,2023MCB1287,2023CSB1139,2023CSB1130,2023MCB1315,2021CSB1122,2021CSB1121,2023MCB1285,2023CSB1108,2023CSB1150, ,2023CSB1163, ,2023CSB1115,2023CSB1147, ,2023MCB1284,2022CSB1329,2023MCB1289,2023CSB1136
2023CSB1141,2023CSB1093,2023CSB1099,2023CSB1092, ,2023CSB1142,2022CSB1157,2023CSB1173,2023MCB1302,2023CSB1140,2023CSB1160,2023CSB1164,2023CSB1121,2023CSB1119,2023CSB1149,2023CSB1106,2023CSB1104,2023CSB1136,2023CSB1117,2023CSB1144,2023CSB1132,2023CSB1123,2023CSB1147,2023CSB1152,2023CSB1103,2023CSB1100,2023CSB1161, , , , 
2023MCB1302,2023MCB1308,2023MCB1298,2023MCB1294,2023MCB1295,2023CSB1092,2023CSB1100,2023MCB1293,2023CSB1162,2023MCB1303,2023CSB1104,2023CSB1108,2022CSB1157,2022MCB1318,2022MCB1380,2022CSB1297,2022CSB1168,2023MCB1291,2023CSB1099,2023MCB1310,2023MCB1311,2023MCB1316,2023MCB1314,2023CSB1125,2023CSB1123,2023CSB1137,2023CSB1132,2023CSB1164,2023CSB1126,2023CSB1093,2023CSB1115
2023CSB1103,2023MCB1303,2023CSB1106,2023CSB1163,2023MCB1284,2023CSB1104,2023CSB1100,2023CSB1092,2023MCB1291,2023MCB1316,2023CSB1149,2023MCB1319,2023CSB1137,2023MCB1302,2023MCB1314,2023CSB1162,2023CSB1136,2023CSB1132,2023CSB1091,2023MCB1288,2023MCB1306,2023MCB1285,2023CSB1102,2023CSB1142,2023CSB1093,2023CSB1118,2023MCB1289,2023CSB1160,2023CSB1156,2023CSB1173,2023MCB1318
2023MCB1285,2023MCB1295,2023CSB1128,2023CSB1148,2023CSB1134,2023CSB1138,2023MCB1301,2023MCB1306,2023MCB1313,2023MCB1302,2023CSB1126,2023MCB1287,2023MCB1318,2023MCB1298,2023CSB1163,2023CSB1092,2023CSB1125,2023CSB1094,2023MCB1305,2023MCB1294,2023MCB1311,2023MCB1289,2023MCB1315,2023MCB1316,2023MCB1319,2023CSB1106,2023CSB1103,2023MCB1291,2023CSB1173,2023MCB1312,2020MCB1225
2022CSB1157,2022CSB1168,2022MCB1380,2022CSB1314,2022CSB1329,2022CSB1319,2022MCB1318,2022CSB1202,2022CSB1297,2022CSB1150,2022CSB1002,2022MCB1337,2023CSB1149,2023CSB1142,2023CSB1099,2023CSB1091,2023CSB1092,2023CSB1093,2023CSB1094,2023CSB1107,2023CSB1141,2023CSB1095,2023MCB1302,2023CSB1118,2023CSB1104,2023MCB1316,2023MCB1285, , , , 
2022MCB1363,2022CSB1150,2022CSB1168,2022CSB1314,2022MCB1380,2022MCB1337,2022CSB1297,2022MCB1318,2022CSB1157,2022CSB1319,2022CSB1329,2022CSB1136,2022MCB1254,2023CSB1143, , , , , , , , , , , , , , , , , 
2023MCB1290,2023CSB1125,2023CSB1099,2023CSB1116,2023MCB1314,2023CSB1124,2023CSB1101,2023MCB1300,2023MCB1297,2023MCB1309,2023CSB1173,2023MCB1304,2023CSB1128,2023CSB1170,2023CSB1166,2023MCB1301,2023CSB1110,2023MCB1293,2023MCB1296,2021CSB1122,2023MCB1308,2023MCB1317,2023MCB1284,2023MCB1287,2023MCB1285,2023MCB1288,2023MCB1289,2023CSB1129,2023CSB1118,2023MCB1299,2023MCB1315
2023CSB1091,2023CSB1097,2023CSB1094,2023CSB1150,2023MCB1306,2023MCB1316,2023MCB1310,2023MCB1315,2023MCB1301,2023CSB1145,2023CSB1102,2022CSB1157,2023CSB1100,2023MCB1317,2023CSB1109,2023CSB1146,2023CSB1140,2023CSB1104,2023CSB1096,2023CSB1117,2023MCB1294,2023CSB1136,2023CSB1143,2023CSB1137,2023CSB1092,2022CSB1168,2023CSB1163,2023CSB1106,2023MCB1302,2022CSB1202,2022CSB1314
2023MCB1296,2023CSB1113,2023MCB1293,2023CSB1139,2023CSB1130,2023MCB1307,2023MCB1312,2023MCB1295,2023MCB1287,2023CSB1171,2023CSB1133,2023CSB1135,2023MCB1304,2023MCB1305,2023MCB1317,2023MCB1309,2023CSB1115,2023MCB1284,2023MCB1313,2023MCB1297,2023CSB1159,2023CSB1107,2023CSB1098,2021CSB1121,2023MCB1290,2023MCB1311, , , , , 
2023CSB1119,2023CSB1126,2023CSB1152,2020MCB1225,2023CSB1166,2023CSB1118,2023CSB1121,2023CSB1133,2023CSB1117,2023CSB1108,2023CSB1122,2023CSB1093,2023CSB1125,2023CSB1132,2023CSB1116,2023CSB1105,2023CSB1114,2023CSB1107,2023CSB1147,2023CSB1142,2023CSB1141,2023CSB1096,2023CSB1158,2023CSB1148,2023CSB1155,2023CSB1131,2023CSB1169,2023CSB1154,2023CSB1111,2023CSB1113,2023CSB1109
2022CSB1136,2022CSB1078,2023CSB1120,2023CSB1133,2023CSB1130,2023CSB1139,2022MCB1363,2022CSB1150,2023CSB1115,2023CSB1113,2023CSB1135,2020MCB1225,2022MCB1254,2023CSB1154,2023CSB1117,2023CSB1096,2023CSB1119,2023CSB1107,2023CSB1144,2021CSB1122,2023MCB1317, , , , , , , , , , 
2023MCB1306,2023MCB1315,2023CSB1094,2023MCB1316,2023CSB1097,2023MCB1301,2023MCB1310,2023CSB1091,2023CSB1150,2023CSB1145,2023MCB1298,2023CSB1102,2023CSB1145,2023MCB1309,2023MCB1297,2023MCB1305,2023CSB1096,2023MCB1308,2023CSB1117,2023MCB1284,2023MCB1311,2023MCB1304,2023CSB1103,2023MCB1285,2023MCB1295,2023MCB1294,2023CSB1132,2023MCB1313, , , 
2023CSB1155,2023CSB1151,2022CSB1106,2023CSB1147,2023CSB1161,2023CSB1160,2023CSB1172,2023CSB1143,2023CSB1156,2023CSB1148,2023CSB1158,2023CSB1146,2023CSB1159,2023CSB1119,2023CSB1126,2023CSB1169,2023CSB1166,2023CSB1099,2023CSB1109,2023CSB1152,2022CSB1091,2023MCB1287,2023CSB1154,2023CSB1145,2023CSB1149,2023CSB1122,2023CSB1098,2023CSB1164,2023CSB1162,2023CSB1150,2023CSB1113
2023CSB1130,2023CSB1171,2023CSB1115,2023CSB1113,2022CSB1078,2022CSB1136,2023CSB1139,2023MCB1293,2023CSB1127,2023CSB1135,2023MCB1296,2023CSB1111,2023CSB1107,2023CSB1159,2023MCB1307,2023CSB1134,2023CSB1128,2023MCB1312,2021CSB1122,2023CSB1126,2021CSB1121, , , ,2020MCB1225, ,2023CSB1147, , ,2023CSB1144,2023CSB1133
2023CSB1144,2022CSB1091,2023CSB1154,2023CSB1115,2023CSB1171,2023CSB1113,2023MCB1293,2023CSB1135,2023MCB1307,2023CSB1130,2023CSB1139,2023CSB1166,2023CSB1147,2023CSB1143,2023CSB1172,2023MCB1304,2023CSB1133,2023CSB1116,2023CSB1112,2023CSB1145,2023CSB1144,2023CSB1141,2022CSB1078,2022CSB1136,2021CSB1121,2023CSB1160,2023MCB1308,2021CSB1122, , , 
2023CSB1156,2023CSB1164,2023CSB1155,2023CSB1161,2023CSB1160,2023CSB1153,2023CSB1159,2023CSB1151,2023CSB1172,2023CSB1116,2023CSB1146,2023CSB1163,2022CSB1002,2023CSB1158,2023MCB1310,2023MCB1317,2022CSB1091,2023CSB1173,2023CSB1117,2023CSB1149,2023CSB1141,2023CSB1132,2023CSB1103,2023CSB1126,2023CSB1145,2023CSB1109, , , , , 
2023MCB1294,2023MCB1298,2023CSB1094,2023MCB1289,2023MCB1295,2023MCB1315,2023CSB1096,2023MCB1285,2023CSB1173,2023CSB1143,2023MCB1291,2023CSB1095,2023CSB1100,2023CSB1149,2021CSB1122,2023MCB1301,2023CSB1091,2023MCB1316,2023CSB1099,2023MCB1303,2023CSB1094,2023MCB1306,2023CSB1101,2023MCB1299,2023CSB1126,2023MCB1313,2023MCB1297,2023CSB1145,2023MCB1302,2023MCB1311, 
2023CSB1107,2023CSB1098,2023CSB1111,2023CSB1108,2023CSB1126,2023CSB1109,2023CSB1116,2022CSB1157,2023CSB1113,2023CSB1115,2023CSB1139,2023CSB1130,2023CSB1119,2023CSB1133,2023CSB1159,2023MCB1307,2023CSB1166,2023MCB1305,2023MCB1293,2023CSB1146,2023CSB1127,2023MCB1296,2022CSB1136,2022CSB1078,2023CSB1094,2023CSB1154,2023CSB1128,2023CSB1134,2023CSB1135,2023CSB1121,2023CSB1164
2023CSB1110,2023CSB1129,2023MCB1292,2023CSB1128,2021CSB1121,2023CSB1101,2021CSB1122,2023CSB1169,2023CSB1131,2023CSB1158,2023CSB1138,2023CSB1134,2023CSB1127,2023MCB1318,2023CSB1114,2023CSB1124,2023CSB1170,2023CSB1174,2023CSB1116,2023CSB1166,2023MCB1290,2023CSB1123,2023CSB1137,2023MCB1314, , , , , , , 
2021CSB1121,2023CSB1169,2021CSB1122,2023CSB1110,2023MCB1292,2023CSB1129,2022MCB1363,2023CSB1116,2023CSB1115,2020MCB1225,2023CSB1138,2023CSB1148,2023CSB1158, ,2022CSB1136, ,2022CSB1078,2023MCB1307, ,2023CSB1144,2023CSB1139,2023MCB1296,2023MCB1308,2023CSB1130,2023CSB1171,2023MCB1317, , , , , 
2023CSB1136,2023CSB1136,2023MCB1316,2023CSB1140,2023MCB1291,2023CSB1105,2023MCB1284,2023CSB1106,2023CSB1091,2023MCB1315,2023CSB1162,2023CSB1131,2023CSB1114, , , , , , , , , , , , , , , , , , 
2023CSB1098,2023CSB1107,2023CSB1126,2023MCB1304,2023CSB1116,2023CSB1111,2023CSB1094,2023CSB1093,2023CSB1127,2023CSB1154,2023CSB1112,2023CSB1097,2023CSB1147,2023CSB1171,2022CSB1078,2023CSB1139,2023CSB1134,2023CSB1133,2023CSB1117,2023CSB1096,2023CSB1121,2023CSB1151,2023MCB1305,2023CSB1155,2023CSB1146,2023CSB1113,2023CSB1159,2023CSB1109,2023CSB1166, , 
2023CSB1097,2023MCB1301,2023MCB1315,2023CSB1145,2023CSB1150,2023CSB1096,2023CSB1091,2023CSB1094,2023MCB1306,2023CSB1143,2023MCB1310,2023MCB1305,2023CSB1095,2023CSB1117,2022CSB1106,2023CSB1098,2023MCB1316,2023CSB1154,2023MCB1308,2023CSB1172,2023CSB1093,2023CSB1135,2023CSB1136,2023CSB1105,2023CSB1133,2023MCB1298,2023CSB1146, , , , 
2023MCB1311,2023MCB1304,2023CSB1166,2023MCB1308,2023MCB1309,2023MCB1298,2023MCB1297,2023MCB1317,2023CSB1118,2023MCB1315,2023CSB1099,2023MCB1287,2023MCB1305,2023MCB1285,2023MCB1310,2023MCB1314,2023MCB1289,2023MCB1302,2023MCB1284,2023CSB1143,2023MCB1306,2023MCB1299,2023MCB1293,2023MCB1296,2023MCB1312,2023MCB1303,2023MCB1294, , , , 
2023MCB1298,2023MCB1309,2023MCB1297,2023MCB1308,2023MCB1311,2023MCB1317,2023MCB1302,2023MCB1294,2023MCB1313,2023MCB1301,2023MCB1306,2023MCB1288,2023MCB1285,2023MCB1316,2023CSB1094,2023CSB1096,2023MCB1310,2023MCB1291,2023CSB1099,2023CSB1097,2023MCB1314,2023CSB1124,2023MCB1315,2023CSB1143,2023CSB1145,2023MCB1299,2023CSB1124,2023CSB1132, , , 
2023MCB1309,2023MCB1298,2023MCB1297,2023MCB1311,2023MCB1304,2023MCB1308,2023MCB1290,2023MCB1317,2023MCB1306,2023CSB1118,2023MCB1305,2023MCB1287,2023MCB1296,2023MCB1293,2023MCB1307,2023CSB1124,2023MCB1289,2023MCB1301,2023CSB1101,2023MCB1313,2023MCB1299,2023MCB1310,2023CSB1143,2023CSB1159,2023CSB1145,2023MCB1294,2023MCB1288,2023CSB1132,2023MCB1314, ,2023MCB1315
2023CSB1145,2023CSB1150,2023CSB1146,2023MCB1316,2023CSB1094,2023CSB1091,2023CSB1097,2023MCB1315,2023MCB1301,2023CSB1096,2023CSB1117,2023CSB1151,2023MCB1298,2023CSB1095,2023CSB1149,2023CSB1122,2023CSB1144,2023MCB1310,2023MCB1306,2023CSB1143,2023CSB1152,2023CSB1108,2023CSB1111,2023CSB1172,2023CSB1155,2023CSB1139,2023MCB1294,2023MCB1297,2023MCB1287, , 
2023CSB1102,2023CSB1108,2023CSB1118,2023CSB1091,2023CSB1133,2023CSB1100,2022CSB1157,2023CSB1140,2023CSB1121,2023CSB1093,2023CSB1104,2023CSB1105,2023CSB1095,2023CSB1164,2023CSB1116,2023CSB1094,2023CSB1103, , , , , , , , , , , , , , 
2023CSB1113,2023MCB1293,2023MCB1312,2023CSB1171,2023MCB1295,2023CSB1135,2023CSB1126,2023CSB1121,2023CSB1107,2023CSB1108,2023CSB1109,2023CSB1146,2023CSB1130,2023CSB1114,2023CSB1144,2023CSB1142,2023CSB1099,2023CSB1119,2023CSB1134,2023CSB1112,2023CSB1172,2023CSB1100,2022CSB1136,2023CSB1164,2023CSB1135,2023CSB1098,2023CSB1155,2023CSB1109,2023MCB1307,2023MCB1289,2023CSB1104
2021CSB1122,2021CSB1121,2023CSB1129,2023CSB1110,2023MCB1292,2023CSB1116,2023CSB1122,2023CSB1171,2020MCB1225,2023MCB1294,2022CSB1106,2022CSB1078,2022CSB1136,2023MCB1308,2023MCB1317,2023MCB1314,2023MCB1290,2023CSB1130,2023CSB1115,2023CSB1144,2022CSB1329,2022CSB1002, , , , , , , , , 
2023CSB1121,2023CSB1093,2023CSB1141,2023CSB1118,2023CSB1126,2020MCB1225,2023CSB1119,2023CSB1102,2023CSB1152,2023CSB1134,2023CSB1140,2023CSB1142,2023CSB1173,2023CSB1092,2023CSB1149,2023CSB1162,2023CSB1100,2023CSB1096,2023CSB1147,2023CSB1108,2023CSB1116,2023CSB1098,2023CSB1107,2023CSB1132,2023CSB1105,2022CSB1106,2023CSB1124,2023CSB1099,2023CSB1104,2022CSB1091,2023CSB1109
2023CSB1112,2023CSB1121,2023CSB1141,2023CSB1093,2023CSB1111,2023CSB1107,2023MCB1287,2023MCB1305,2023MCB1302,2023CSB1130,2023CSB1113,2023CSB1098,2023CSB1139,2023CSB1154,2023CSB1147,2023CSB1166,2023CSB1160,2023CSB1145,2023CSB1171,2023CSB1115,2023CSB1151,2023CSB1146,2023CSB1109,2023CSB1100,2023CSB1127,2023CSB1149,2023CSB1162,2023CSB1116,2023CSB1135,2023CSB1117,2023CSB1133
2023CSB1159,2023CSB1146,2023CSB1151,2023CSB1109,2023CSB1172,2023CSB1160,2023CSB1161,2023MCB1317,2022CSB1329,2023CSB1143,2023CSB1130,2022CSB1106,2023CSB1107,2022CSB1002, ,2022CSB1329,2023MCB1293, ,2023MCB1296,2023CSB1099,2023MCB1310, , , , , , , , , , 
2023MCB1297,2023MCB1309,2023MCB1298,2023MCB1317,2023MCB1308,2023MCB1311, ,2023MCB1290,2023MCB1306,2023CSB1094,2023MCB1314,2023MCB1288,2023MCB1293,2023MCB1287, ,2023MCB1291,2023MCB1310,2023MCB1284,2023MCB1315,2023MCB1301,2023MCB1294,2023MCB1295,2023CSB1091,2023MCB1289,2023MCB1285,2023CSB1118,2023MCB1294, ,2023MCB1296,2023CSB1166, 
2023CSB1161,2023CSB1160,2023CSB1155,2023CSB1156,2023CSB1159,2023MCB1302,2023CSB1093,2023CSB1108,2023CSB1141,2023CSB1142,2023CSB1149,2023CSB1163,2023CSB1171,2023CSB1162,2023CSB1145,2023CSB1173,2022CSB1106,2023CSB1132,2023CSB1166,2023CSB1116, ,2023CSB1153,2023CSB1165,2023MCB1317, , , , , , , 
2023CSB1111,2023CSB1107,2023CSB1098,2023CSB1108,2023CSB1112,2023CSB1126,2023CSB1152,2023MCB1304,2023CSB1115,2023CSB1113,2023CSB1130,2023CSB1127,2023CSB1172,2023CSB1096,2023CSB1147,2023CSB1154,2023CSB1139,2023CSB1145,2022CSB1136,2023CSB1119,2023CSB1166,2023CSB1159,2023CSB1143,2023CSB1109,2023CSB1164,2023CSB1121, , , , , 
2023CSB1138,2023CSB1128,2023CSB1134,2023CSB1148,2023CSB1158,2023MCB1285,2023CSB1131,2023CSB1114,2023CSB1169,2023CSB1170,2023CSB1125,2023CSB1129,2023CSB1101,2023CSB1152,2023CSB1126,2023MCB1299,2023CSB1132,2023CSB1108,2023CSB1099,2023CSB1166,2023CSB1110,2023CSB1136,2023MCB1319,2023CSB1173,2023CSB1137,2023CSB1123,2023CSB1141,2023MCB1292,2023CSB1093,2021CSB1121,2023CSB1139
2023MCB1319,2023MCB1284,2023CSB1123,2023CSB1132,2023CSB1137,2023CSB1162,2023CSB1104,2023CSB1103,2023CSB1101,2023MCB1318,2023CSB1131,2023CSB1125,2023CSB1100,2023MCB1303,2023CSB1124,2023MCB1289,2023MCB1299,2023CSB1170,2023CSB1138,2023CSB1128,2023MCB1316,2023MCB1290,2023CSB1169,2023MCB1314,2023MCB1313,2023MCB1302,2023MCB1292,2023CSB1163,2023MCB1288,2023CSB1116,2023MCB1291
2023CSB1147,2023CSB1143,2023CSB1144,2023MCB1298,2023CSB1161,2023CSB1160,2023CSB1096,2023CSB1149,2023CSB1112,2023CSB1150,2023CSB1173,2023CSB1152,2023CSB1095,2023CSB1119,2023CSB1130,2020MCB1225,2023CSB1098,2023CSB1139,2023CSB1111,2023CSB1091,2023CSB1142,2023CSB1141,2023MCB1288,2023CSB1118,2023CSB1155,2023CSB1172,2023CSB1100,2023CSB1122,2023CSB1092,2023CSB1121,2023CSB1093
2023CSB1093,2023CSB1142,2023CSB1141,2023CSB1121,2023CSB1112,2022CSB1157,2023CSB1092,2023CSB1108,2023CSB1162,2023CSB1102,2023CSB1140,2023CSB1173,2023CSB1160,2023CSB1098,2023CSB1118, ,2023CSB1161,2023CSB1149,2023CSB1134,2023CSB1128,2023CSB1095,2023CSB1096,2023CSB1097,2023CSB1100,2023CSB1147,2023MCB1302,2023CSB1103,2023CSB1126,2023CSB1164,2023CSB1094,2023CSB1099
2022CSB1002,2022CSB1297,2022CSB1329,2022CSB1314,2022MCB1318,2022CSB1157,2022MCB1254,2023CSB1096,2022MCB1380,2022CSB1168,2022CSB1319,2022MCB1337,2022CSB1150,2023CSB1099,2023CSB1118,2022CSB1202,2023CSB1156,2023CSB1159,2023CSB1166,2023CSB1152,2023CSB1117,2023CSB1108,2020MCB1225,2022CSB1106,2023MCB1303,2023MCB1291,2023MCB1289,2023MCB1285,2023CSB1142,2021CSB1122,2023CSB1103
2023MCB1301,2023CSB1145,2023CSB1094,2023CSB1150,2023CSB1091, ,2023MCB1315,2023CSB1097,2023MCB1310,2023CSB1096,2023MCB1285,2023MCB1298,2023MCB1305,2023MCB1317,2023MCB1316,2023MCB1309,2023CSB1117,2023CSB1172,2023MCB1306,2023MCB1287,2023CSB1109,2023CSB1146,2023CSB1143, ,2023MCB1294,2023MCB1290,2023MCB1311,2023MCB1297,2023MCB1304,2023CSB1133, 
2023CSB1092,2023CSB1100,2023CSB1091,2023CSB1103,2023CSB1106,2023CSB1142,2023CSB1094,2023CSB1137,2023CSB1163,2023MCB1291,2023MCB1284,2023MCB1316,2023CSB1150,2023CSB1137,2023CSB1104,2023MCB1303,2023CSB1132,2023CSB1128,2023CSB1123,2023CSB1173,2023CSB1147,2023CSB1095,2023CSB1101,2022CSB1157,2023CSB1105,2023CSB1093,2023CSB1140, , , , 
2022CSB1329,2022CSB1314,2022CSB1157,2022CSB1002,2022CSB1319,2022MCB1254,2022CSB1168,2022MCB1337,2022CSB1150,2023CSB1123,2023CSB1137,2022CSB1297,2022MCB1318, ,2022CSB1202, ,2023CSB1117,2023CSB1096,2023CSB1108,2020MCB1225,2022CSB1106, ,2023CSB1132,2023MCB1285, ,2021CSB1122, , , , , 
2023MCB1292,2023CSB1110,2023CSB1129,2023MCB1300,2021CSB1121,2021CSB1122,2023CSB1170,2023CSB1174,2023CSB1158,2023MCB1295,2023MCB1293,2023MCB1291,2023MCB1313,2023MCB1299,2023MCB1290,2023MCB1319,2023CSB1123,2023MCB1296,2023MCB1318,2023MCB1284,2023CSB1125,2023MCB1307,2023CSB1115,2023CSB1139,2023CSB1138,2023CSB1148,2023CSB1166,2023CSB1134,2023MCB1314,2023MCB1284,2022MCB1254
2023MCB1288,2023MCB1313,2023CSB1173,2023MCB1306,2023CSB1150,2023MCB1316,2023MCB1297,2023MCB1310,2023MCB1298,2023CSB1100,2023CSB1095,2023CSB1149,2023CSB1118,2023MCB1303,2023MCB1284,2023CSB1103,2023MCB1285,2023CSB1106,2023CSB1163,2023MCB1291,2023MCB1309,2023CSB1162,2023MCB1319,2023CSB1091,2023CSB1099,2023MCB1299,2023MCB1317,2023CSB1101,2023CSB1104, , 
2023MCB1313,2023MCB1306,2023MCB1285,2023MCB1299,2023MCB1308,2023MCB1293,2023CSB1096,2023CSB1094,2023MCB1296,2023MCB1305,2023MCB1315,2023CSB1118,2023MCB1292,2023MCB1319,2023MCB1314,2023MCB1318,2023MCB1284,2023MCB1289,2023CSB1108,2023MCB1311,2023CSB1099,2023MCB1287,2023MCB1316,2023MCB1310,2023CSB1116,2023CSB1123,2023CSB1091,2023MCB1297,2023CSB1128,2023MCB1294,2023MCB1290
2023CSB1129,2023CSB1110,2023MCB1300,2023MCB1292,2023CSB1128,2021CSB1122,2021CSB1121,2023CSB1131,2023CSB1158,2023CSB1127,2023MCB1299,2023CSB1152,2023CSB1116,2023MCB1290,2023CSB1138,2023CSB1137,2023MCB1314,2023MCB1318, , , , , , , , , , , , , 
2023CSB1170,2023CSB1173,2023CSB1158,2023CSB1138,2023CSB1125,2023CSB1151,2023MCB1292,2023CSB1108, , ,2023CSB1132,2023MCB1319,2023CSB1101,2023CSB1162,2023CSB1129,2023MCB1290,2023CSB1118,2023CSB1092,2023MCB1314,2023CSB1099,2023CSB1114,2023MCB1317,2023CSB1166, , , , , , , , 
2023CSB1115,2023CSB1144,2023MCB1307,2023CSB1116,2023CSB1121,2023MCB1285,2023CSB1117,2023CSB1133,2021CSB1121,2023MCB1307,2023CSB1113,2023CSB1114,2023CSB1138,2023CSB1112,2022CSB1136,2020MCB1225,2023MCB1302,2023MCB1314,2023MCB1292,2023MCB1296,2021CSB1122,2023MCB1312,2023MCB1295,2023MCB1312,2023CSB1135,2023CSB1171,2023CSB1130, , , , 
2023CSB1101,2023CSB1116,2023MCB1299,2023CSB1124,2023CSB1127,2023MCB1318,2023MCB1290,2023CSB1125,2023CSB1106,2023MCB1303,2023CSB1134,2023MCB1289,2023CSB1110,2023CSB1148,2023MCB1295,2023CSB1163,2023CSB1103,2023MCB1319,2023CSB1170,2023MCB1284,2023CSB1132,2023CSB1162,2023CSB1131,2023CSB1169,2023CSB1100,2023MCB1309,2023CSB1104,2023CSB1174,2023CSB1129,2023CSB1123,2023MCB1288
2023MCB1299,2023CSB1101,2023CSB1127,2023MCB1318,2023CSB1124,2023CSB1116,2023MCB1295,2023MCB1293,2023MCB1294,2023MCB1287,2023MCB1290,2023MCB1288,2023MCB1289,2023MCB1297,2023MCB1296,2023MCB1285,2023CSB1125,2023MCB1284,2023MCB1298,2023MCB1303,2023MCB1291,2023CSB1115,2023MCB1314,2023CSB1166,2023MCB1317,2023MCB1316,2023MCB1319,2023CSB1169,2023MCB1319,2023CSB1170,2023CSB1114
2023CSB1106,2023CSB1103,2023CSB1100,2023CSB1104,2023MCB1303,2023CSB1101,2023CSB1124, ,2023MCB1290,2023CSB1132,2023CSB1137,2023MCB1314,2023CSB1163,2023CSB1162,2023MCB1319,2023MCB1316,2023MCB1285,2023CSB1091,2023CSB1123,2023MCB1284,2023CSB1105,2023MCB1288,2023MCB1302,2023MCB1289,2023MCB1291,2023CSB1095,2023CSB1150,2023CSB1149,2023MCB1318, , 
2023CSB1104,2023CSB1106,2023MCB1303,2023CSB1100,2022CSB1157,2023MCB1302,2023CSB1118,2023MCB1316,2023CSB1164,2023CSB1125,2023MCB1319,2023MCB1284,2023CSB1166,2023CSB1133,2023CSB1137,2023CSB1140,2023CSB1128,2023MCB1290,2023CSB1160,2023CSB1132,2023CSB1123,2022CSB1329,2023CSB1105,2023CSB1163,2023CSB1162,2023CSB1103, , , ,2023CSB1131,2023CSB1101
2023CSB1174,2023CSB1173,2023CSB1138,2023CSB1114,2023CSB1128,2023CSB1125,2023CSB1172,2023CSB1125,2023MCB1292,2023CSB1134,2023CSB1162,2023CSB1099,2023CSB1110,2023CSB1116,2023CSB1127,2023CSB1118,2023CSB1148,2023CSB1092,2023CSB1105,2023CSB1131,2023CSB1144,2023MCB1317,2023CSB1166, , , , , , , , 
2023CSB1124,2023CSB1101,2023MCB1299,2023CSB1116,2023MCB1318,2023CSB1127,2023MCB1290,2023CSB1125,2023CSB1106,2023MCB1303,2023MCB1289,2023CSB1110,2023MCB1319,2023MCB1313,2023MCB1295,2023CSB1163,2023CSB1103,2023MCB1319,2023CSB1166,2023CSB1132,2023CSB1114,2023MCB1297,2023MCB1309,2023CSB1104,2023CSB1129,2023CSB1123,2023MCB1298,2023MCB1311,2022CSB1106,2023MCB1294,2023CSB1173
2023CSB1116,2023CSB1101,2023CSB1099,2023CSB1127,2023CSB1121,2023CSB1124,2023CSB1113,2023CSB1119,2023CSB1107,2023MCB1312,2021CSB1122,2021CSB1121,2022CSB1091,2023CSB1109,2023MCB1293,2023CSB1169,2023CSB1174,2023CSB1110,2023CSB1129,2023CSB1149,2023CSB1114,2023CSB1102,2023CSB1130,2023MCB1313,2023MCB1299,2023CSB1139,2023MCB1319,2023CSB1117,2023MCB1285,2023CSB1160,2023CSB1156
2023MCB1317,2023MCB1289,2023MCB1288,2023CSB1118,2023CSB1159,2023CSB1171,2023CSB1143,2023CSB1109,2023CSB1126,2023CSB1146,2023CSB1091,2023CSB1156,2023CSB1151,2023MCB1295,2023MCB1312,2023MCB1294,2023CSB1096,2023MCB1301,2023MCB1298,2022CSB1106,2023MCB1308,2020MCB1225,2021CSB1122,2021CSB1121,2023CSB1161,2023MCB1316,2023MCB1313,2023CSB1170,2023CSB1174,2023MCB1306,2023CSB1092
2023MCB1289,2023MCB1294,2023MCB1288,2023MCB1295,2022CSB1091,2023CSB1132,2023MCB1298,2023MCB1319,2023MCB1316,2023MCB1291,2023MCB1297,2023MCB1318,2023CSB1125,2023MCB1313,2023MCB1284,2022CSB1106,2023MCB1317,2020MCB1225,2022CSB1141,2023MCB1303,2023CSB1106,2023CSB1118,2023CSB1099,2023CSB1100,2023CSB1101,2023CSB1123,2023CSB1152,2023CSB1126,2023CSB1173,2023CSB1092,2023CSB1091
2023MCB1303,2023CSB1095,2023CSB1101,2023MCB1316,2023MCB1290,2023MCB1291,2023MCB1289,2023MCB1319,2023CSB1137,2023CSB1100,2023CSB1103,2023MCB1295,2023MCB1311,2023MCB1307,2023MCB1308,2023MCB1309,2022MCB1380,2023MCB1299,2023CSB1092, , , , , , , , , , , , 
2023MCB1314,2023CSB1125,2023MCB1304,2023MCB1300,2023MCB1319,2023CSB1099,2023CSB1106,2023MCB1303,2023CSB1169,2023CSB1114,2023CSB1131,2023CSB1173,2023MCB1298,2023MCB1313,2023CSB1155,2023MCB1299,2023CSB1166,2023MCB1304,2023MCB1301,2023CSB1145,2023MCB1294,2023MCB1295,2023MCB1291,2022CSB1106,2023CSB1115,2021CSB1122,2023MCB1315,2023MCB1317,2023MCB1309,2023MCB1308,2023CSB1110
2023MCB1291,2023MCB1284,2023CSB1104,2023CSB1149,2023CSB1095,2023MCB1303,2023CSB1162,2023CSB1163,2023MCB1316,2023CSB1136,2023MCB1288,2023MCB1289,2023CSB1173,2023CSB1141,2023MCB1298,2023MCB1310,2023MCB1313,2023CSB1094,2023MCB1294,2023MCB1302,2023CSB1099,2023CSB1091,2023MCB1285,2023MCB1295,2023MCB1315,2023MCB1292,2023MCB1297,2023CSB1126,2023MCB1304,2023MCB1314,2023CSB1105
2023CSB1118,2023CSB1122,2023CSB1102,2023CSB1121,2023CSB1104,2023CSB1163,2023CSB1126,2023MCB1317,2023MCB1297,2023MCB1311,2023CSB1174,2023CSB1170,2022MCB1318,2022CSB1157,2023CSB1119,2023CSB1140,2023MCB1309,2023MCB1308,2023MCB1290,2023CSB1117,2023CSB1132,2023MCB1284,2023MCB1288, , , , , , , , 
2023MCB1318,2023CSB1125,2023CSB1124,2023CSB1099,2023MCB1319,2023MCB1290,2023MCB1299,2023MCB1303,2023CSB1106,2023CSB1131,2023CSB1128,2023MCB1300,2023CSB1114,2023CSB1099,2023MCB1306,2023MCB1284,2023CSB1110,2023CSB1162,2023CSB1123,2023CSB1137,2023MCB1313,2023CSB1118,2023MCB1288, ,2023CSB1163,2023CSB1166,2023MCB1294,2023MCB1295,2023MCB1298,2023MCB1302,2023MCB1308
2023CSB1163,2023MCB1291,2023CSB1103,2023CSB1092,2023CSB1141,2023CSB1137,2023CSB1173,2023CSB1136,2023CSB1101,2023CSB1161,2023CSB1100,2023CSB1091,2023CSB1139,2023CSB1164,2023CSB1149,2023CSB1172,2023MCB1284,2020MCB1225,2023CSB1151,2023CSB1104,2023CSB1106,2023CSB1151,2023CSB1155,2023CSB1146,2023CSB1132,2023CSB1159,2023CSB1152,2023CSB1162,2023CSB1155,2023CSB1118,2023CSB1099
2023CSB1099,2023CSB1163,2023MCB1288,2023MCB1303,2023CSB1121,2023MCB1314,2022MCB1380,2023CSB1134,2023CSB1128,2023CSB1138,2023MCB1291,2023CSB1174,2023MCB1298,2023CSB1114,2022CSB1157,2023MCB1302,2023CSB1159,2023CSB1155,2023CSB1151,2023CSB1131,2023CSB1169, ,2023CSB1124,2023MCB1318,2023CSB1132,2023CSB1166,2023CSB1123,2023MCB1304,2023MCB1290,2022CSB1314,2023CSB1155
2023CSB1167,2023CSB1149, , , , , , , , , , , , , , , , , , , , , , , , , , , , , 
2023CSB1166,2023CSB1109,2023CSB1143,2023CSB1126,2023CSB1159,2023CSB1095,2023CSB1096,2023CSB1151,2023CSB1138,2023MCB1299,2023CSB1133,2023CSB1107,2023CSB1110,2023CSB1107,2023MCB1290,2022CSB1314,2023CSB1152,2023MCB1284,2023CSB1111,2023CSB1099,2023CSB1101,2023CSB1144,2023CSB1118,2023CSB1145,2023MCB1311,2023CSB1174,2023CSB1170,2023CSB1110,2023CSB1164,2023CSB1160,2023CSB1098
2022CSB1070,2022CSB1202,2022MCB1380,2022CSB1072,2022CSB1314,2022MCB1318,2022CSB1168,2022CSB1319,2022MCB1337,2022CSB1329,2022CSB1002,2022CSB1141,2022CSB1106,2022CSB1136, , , , , , , , , , , , , , , , , 
2023MCB1312,2023MCB1305,2023MCB1287,2023MCB1293,2023MCB1295,2023MCB1296,2023CSB1115,2023MCB1284,2023CSB1133,2023CSB1117,2023CSB1171,2023MCB1307,2023MCB1313,2023CSB1144,2023MCB1304,2023CSB1135,2023CSB1139,2023CSB1116,2023CSB1113,2023CSB1107,2023MCB1317,2022CSB1106,2023MCB1285,2023MCB1315,2023MCB1311,2023CSB1110, , , , , 
2023MCB1300,2023MCB1290,2023MCB1314,2023MCB1300,2023MCB1318,2023MCB1292,2023CSB1129,2023CSB1110,2023MCB1303,2023MCB1288,2023MCB1289,2023MCB1299,2023MCB1319,2023MCB1295,2023MCB1291,2023MCB1293,2023MCB1296,2023CSB1132,2023MCB1301,2023MCB1302,2023MCB1284,2023MCB1313,2023MCB1294,2023MCB1285,2023MCB1316,2023MCB1312,2023MCB1311,2023MCB1307,2023MCB1310,2023MCB1287,2023MCB1300
